{
  "seeds": 5,
  "promotable_count": 2,
  "accuracy_delta_mean": 0.0666666666666667,
  "accuracy_delta_std": 0.08164965809277264,
  "best_accuracy_delta": 0.16666666666666674,
  "worst_accuracy_delta": 0
}